subcat;subcat_tokens
lifestyleroyals;lifestyle royals
newsscienceandtechnology;news science and technology
weightloss;weightloss
medical;medical
newsworld;news world
voices;voices
cardio;cardio
football_nfl;football nfl
weathertopstories;weather top stories
gaming;gaming
recipes;recipes
autosenthusiasts;autos enthusiasts
nutrition;nutrition
wellness;wellness
health-news;health news
travelarticle;travel article
autossuvs;autos SUV
newspolitics;news politics
more_sports;more sports
traveltripideas;travel trip ideas
animals;animals
autosnews;autos news
newsbusiness;news business
golf;golf
newstrends;news trends
football_ncaa;football ncaa
lifestylebuzz;lifestyle buzz
mma;MMA
fitness;fitness
tvnews;tv news
lifestylehoroscope;lifestyle horoscope
newsus;news US
basketball_nba;basketball nba
news;news
shop-all;shop all
newsphotos;news photos
travelnews;travel news
basketball_ncaa;basketball ncaa
tv-gallery;TV gallery
finance-real-estate;finance realestate
tv-celebrity;TV celebrity
financenews;finance news
lifestyleparenting;lifestyle parenting
movies-gallery;movies gallery
racing;racing
tipsandtricks;tips and tricks
musicnews;music news
autosbuying;autos buying
finance-insurance;finance insurance
shop-apparel;shop apparel
autostrucks;autos trucks
lifestyledidyouknow;lifestyle did you know
finance-career-education;finance career education
finance-retirement;finance retirement
restaurantsandnews;restaurants and news
lifestylemindandsoul;lifestyle mind and soul
baseball_mlb;baseball mlb
celebrity;celebrity
soccer;soccer
viral;viral
finance-taxes;finance taxes
foodnews;food news
lifestylepetsanimals;lifestyle pets animals
lifestylebeauty;lifestyle beauty
newscrime;news crime
lifestylesmartliving;lifestyle smart living
autosclassics;autos classics
traveltips;travel tips
finance-career;finance career
entertainment-books;entertainment books
lifestylehomeandgarden;lifestyle home and garden
finance-top-stocks;finance top stocks
quickandeasy;quick and easy
soccer_epl;soccer epl
newsopinion;news opinion
autoshybrids;autos hybrids
newsoffbeat;news offbeat
lifestylefashion;lifestyle fashion
tennis;tennis
autosluxury;autos luxury
lifestylepets;lifestyle pets
weight-loss;weightloss
icehockey_nhl;Icehockey nhl
football_nfl_videos;football nfl videos
movies-celebrity;movies celebrity
finance-savemoney;finance savemoney
lifestylecareer;lifestyle career
lifestylecelebstyle;lifestyle celebstyle
markets;markets
newsweather;news weather
popculture;popculture
lifestyleweddings;lifestyle weddings
beverages;beverages
basketball_wnba;basketball wnba
music-gallery;music gallery
videos;videos
finance-companies;finance companies
shop-holidays;shop holidays
entertainment-celebrity;entertainment celebrity
musicvideos;musicvideos
autosmotorcycles;autos motorcycles
video;video
wines;wines
newsgoodnews;news good news
factcheck;factcheck
outdoors;outdoors
music-celebrity;music celebrity
lifestyle;lifestyle
baseball_mlb_videos;baseball mlb videos
lifestylecleaningandorganizing;lifestyle cleaning and organizing
lifestylediy;lifestyle diy
science;science
movienews;movie news
travel-videos;travel videos
football_ncaa_videos;football ncaa videos
lifestylefamily;lifestyle family
finance-saving-investing;finance saving investing
lifestylehoroscopefish;lifestyle horoscope fish
shop-home-goods;shop homegoods
downtime;downtime
newsfactcheck;news factcheck
lifestyledecor;lifestyle decor
autossports;autos sports
movievideo;movie video
healthagingwell;health aging well
travel-points-rewards;travel points rewards
humor;humor
finance-small-business;finance smallbusiness
autospassenger;autos passenger
personalfinance;personal finance
autossema;autos sema
fun;fun
autosresearchguides;autos research guides
boxing;boxing
peopleandplaces;people and places
soccer_mls;soccer mls
foodrecipes;food recipes
finance-video;finance video
lifestylerelationships;lifestyle relationships
holidays;holidays
finance-healthcare;finance healthcare
music-awards;music awards
seasonal;seasonal
causes;causes
finance-billstopay;finance bills to pay
hollywood;hollywood
tunedin;tuned in
tv-recaps;tv recaps
lifestyleshopping;lifestyle shopping
boxing-mma;boxing mma
tvvideos;tv videos
autosreview;autos review
causes-animals;causes animals
finance-technology;finance technology
lifestylemarriage;lifestyle marriage
lifestylelovesex;lifestyle love sex
autosownership;autos ownership
finance-credit;finance credit
soccer_videos;soccer videos
mentalhealth;mental health
games;games
lifestylevideo;lifestyle video
causes-food-insecurity;causes food insecurity
autoscartech;autos car tech
movies-oscars;movies oscars
travel-adventure-travel;travel adventure travel
watch;watch
causes-green-living;causes green living
technologyinvesting;technology investing
shop-computers-electronics;shop computers electronics
celebritynews;celebrity news
autostokyo;autos tokyo
elections-2020-us;elections 2020 us
pregnancyparenting;pregnancy parenting
lifestylefamilyandrelationships;lifestyle family and relationships
healthnews;health news
music-grammys;music grammys
ads-lung-health;ads lung health
lifestyle-wedding;lifestyle wedding
music-reviews;music reviews
finance-savingsrates;finance savings rates
autosresearch;autos research
sports;sports
career-news;career news
reviews;reviews
autoscompact;autos compact
advice;advice
travel-accessible;travel accessible
lifestyle-news-feature;lifestyle news feature
finance-education;finance education
ads-latingrammys;ads latingrammys
autosvideonew;autos video new
finance-insidetheticker;finance inside the ticker
olympics-videos;olympics videos
golfvideos;golf videos
autosvans;autos vans
people-places;people places
autosvideos;autos videos
smartliving;smart living
newslocalpolitics;news local politics
sports_news;sports news
newsscience;news science
middleeast-top-stories;middleeast top stories
causes-environment;causes environment
lifestyletravel;lifestyle travel
cocktails;cocktails
newstvmedia;news tv media
healthandfitness;health and fitness
newstechnology;news technology
cookingschool;cooking school
retirement;retirement
basketball_nba_videos;basketball nba videos
mmaufc;mma ufc
tv-reviews;tv reviews
basketball_ncaa_videos;basketball ncaa videos
finance-homesandpropertysection;finance homes and property section
tv;tv
cooking;cooking
games-news;games news
halloween;halloween
movies-awards;movies awards
awardstyle;award style
company-news;company news
newsworldpolitics;news world politics
othersports;other sports
newsrealestate;news realestate
wonder;wonder
cma-awards;cma awards
photos;photos
finance-mutual-funds;finance mutual funds
awards;awards
technology;technology
newsvideo;news video
comedy;comedy
travel;travel
baseball;baseball
topnews;top news
newsother;news other
tv-golden-globes;tv golden globes
causes-disaster-relief;causes disaster relief
weatherfullscreenmaps;weather full screen maps
causes-military-appreciation;causes military appreciation
indepth;indepth
lifestylestyle;lifestyle style
health-cancer;health cancer
shop-books-movies-tv;shop books movies tv
strength;strength
newselection2020;news election 2020
finance-startinvesting;finance start investing
spendingandborrowing;spending and borrowing
ustravel;us travel
basketball;basketball
internationaltravel;international travel
soccer_bund;soccer bund
tv-golden-globes-video;tv golden globes video
tennis_intl;tennis intl
entertainmentmusic;entertainment music
yearinoffbeatgoodnews;year in offbeat good news
northamerica-video;north america video
autosmidsize;autos midsize
soccer_fifa_wwc;soccer fifa wwc
entertainmenttv;entertainment tv
autoslosangeles;autos losangeles
